{
    "rooms": [
        {
            "name": "TheNorthPole_Orientation",
            "description": "This is the entry point to this years KringleCon. In front of you you can see a green fence.",
            "junctions": [
                {
                    "destination": "TheNorthPole_TheNorthPole",
                    "description": "In front of you"
                }
            ],
            "objectives": [
                {
                    "name": "JingleRingford",
                    "description": "an Elf standing next to a Terminal for \"Objective 1 - KringleCon Orientation\"",
                    "difficulty": 1,
                    "url": "https://docker2021.kringlecon.com/?challenge=opengate&id=898f4faf-fa0f-4494-9875-32e39cd5c371&username=Test&area=staging&location=6,4",
                    "supports": "main",
                    "requires": "WiFiDongle"
                }
            ],
            "items": [
                {
                    "name": "WiFiDongle",
                    "description": "A USB WiFi dongle"
                }
            ]
        },
        {
            "name": "TheNorthPole_TheNorthPole",
            "description": "The main location of this years KringleCon and FrostFest. At the left side you can see the KringleCon building, at the right side there is the Frostfest tower.",
            "junctions": [
                {
                    "destination": "TheNorthPole_Orientation",
                    "description": "Behind of you"
                }
            ],
            "objectives": [
                {
                    "name": "GreasyGopherGuts",
                    "description": "a Troll standing next to a Terminal called \"Greping for Gold\"",
                    "difficulty": 1,
                    "url": "tbd",
                    "supports": "JingleRingford",
                    "requires": "none"
                },
                {
                    "name": "NoelBoetie",
                    "description": "an Elf standing next to a Terminal called \"Logic Munchers\"",
                    "difficulty": 1,
                    "url": "tbd",
                    "supports": "JingleRingford",
                    "requires": "none"
                }
            ],
            "items": [
                {
                    "name": "FPGA",
                    "description": "Field-Programmable Gate Array"
                }
            ],
            "characters": [
                {
                    "name": "Santa",
                    "description": "standing in the middle of the room surrounded by the pigeons"
                }
            ]
        }
    ]
}